name,specialty,Mobile No.,experience,City
Amit Jain,Pediatrician,+91 6064421589,32,Purnea
Sneha Gupta,Nephrologist,+91 7267028281,11,Hajipur
Sunita Mehta,Orthopedic Surgeon,+91 9084137402,22,Patna
Anjali Yadav,Radiologist,+91 9184026972,6,Purnea
Sunita Jain,Endocrinologist,+91 7543987940,5,Hajipur
Sunita Singh,ENT Specialist,+91 9871144432,9,Patna
Rahul Patel,Orthopedic Surgeon,+91 9702319265,24,Purnea
Vikram Singh,Allergist,+91 8734414076,26,Hajipur
Anjali Patel,Allergist,+91 7995445785,16,Patna
Priya Jain,Allergist,+91 6525448667,9,Purnea
Vikram Sharma,Anesthesiologist,+91 8232301741,8,Hajipur
Sunita Gupta,Ophthalmologist,+91 6143718454,17,Patna
Anjali Gupta,Radiologist,+91 9535035090,13,Purnea
Rajesh Singh,Urologist,+91 8686595082,37,Hajipur
Sneha Kapoor,Orthopedic Surgeon,+91 9319705104,22,Patna
Rajesh Yadav,Orthopedic Surgeon,+91 8825924568,18,Purnea
Rahul Yadav,Gynecologist,+91 9411272512,31,Hajipur
Amit Yadav,Pediatrician,+91 8266410654,15,Patna
Anjali Mehta,Nephrologist,+91 8545767334,20,Purnea
Rohan Mehta,General Physician,+91 7525471261,36,Hajipur
Vikram Singh,Allergist,+91 8769416409,22,Patna
Sunita Sharma,Nephrologist,+91 9179112050,15,Purnea
Priya Choudhary,Endocrinologist,+91 7883988989,14,Hajipur
Sneha Patel,Neurologist,+91 8179691809,31,Patna
Amit Kapoor,Neurologist,+91 8661593134,26,Purnea
Amit Kapoor,Radiologist,+91 7590088209,11,Hajipur
Kiran Gupta,Allergist,+91 8233288867,14,Patna
Sneha Kapoor,Allergist,+91 8152935530,15,Purnea
Rohan Gupta,Allergist,+91 6318386393,30,Hajipur
Sunita Kapoor,Cardiologist,+91 9714234331,28,Patna
Rohan Kapoor,Rheumatologist,+91 7040679818,25,Purnea
Anjali Sharma,Dermatologist,+91 7434534087,11,Hajipur
Rajesh Verma,Psychiatrist,+91 9270791247,10,Patna
Rahul Choudhary,ENT Specialist,+91 6707007712,10,Purnea
Anjali Patel,Nephrologist,+91 8578078490,34,Hajipur
Vikram Verma,ENT Specialist,+91 6337749331,11,Patna
Sunita Sharma,Anesthesiologist,+91 7908061746,21,Purnea
Amit Singh,Gastroenterologist,+91 7186314164,2,Hajipur
Vikram Mehta,Anesthesiologist,+91 6047608296,24,Patna
Sneha Verma,Neurologist,+91 7708990860,28,Purnea
Rahul Verma,Psychiatrist,+91 7165801063,31,Hajipur
Priya Mehta,Orthopedic Surgeon,+91 9272917200,25,Patna
Sunita Yadav,Radiologist,+91 7031768757,30,Purnea
Sneha Gupta,Radiologist,+91 8666105785,3,Hajipur
Rohan Singh,Neurologist,+91 9637400378,15,Patna
Anjali Gupta,Rheumatologist,+91 9255260720,14,Purnea
Rajesh Mehta,ENT Specialist,+91 9236089012,5,Hajipur
Rohan Jain,Urologist,+91 8151118232,12,Patna
Rohan Gupta,Neurologist,+91 7009816979,16,Purnea
Kiran Sharma,Rheumatologist,+91 9106002166,12,Hajipur
Priya Patel,Pediatrician,+91 8660145695,14,Patna
Rahul Sharma,Endocrinologist,+91 9610556462,12,Purnea
Kiran Mehta,Psychiatrist,+91 8804011175,3,Hajipur
Vikram Sharma,Oncologist,+91 6222170573,34,Patna
Rajesh Patel,Rheumatologist,+91 9111330096,18,Purnea
Rahul Kapoor,Gastroenterologist,+91 9633884717,16,Hajipur
Kiran Sharma,Orthopedic Surgeon,+91 7224935007,40,Patna
Anjali Gupta,Orthopedic Surgeon,+91 7182435609,24,Purnea
Anjali Gupta,Radiologist,+91 6637190517,15,Hajipur
Rohan Patel,Pediatrician,+91 8708341609,29,Patna
Priya Mehta,General Physician,+91 8975769654,20,Purnea
Rohan Kapoor,Pulmonologist,+91 8047249361,21,Hajipur
Anjali Patel,Urologist,+91 6525812323,30,Patna
Sunita Verma,Pulmonologist,+91 8212222405,34,Purnea
Rahul Kapoor,Anesthesiologist,+91 6452569357,28,Hajipur
Sneha Gupta,ENT Specialist,+91 8760934920,38,Patna
Rohan Singh,Anesthesiologist,+91 6203051674,6,Purnea
Sunita Singh,General Physician,+91 8316682671,11,Hajipur
Rajesh Kapoor,Rheumatologist,+91 7595077980,38,Patna
Kiran Singh,Allergist,+91 9058504512,23,Purnea
Rajesh Verma,Urologist,+91 7026062655,6,Hajipur
Sneha Gupta,General Physician,+91 8254261343,22,Patna
Rahul Jain,Orthopedic Surgeon,+91 7674226196,13,Purnea
Rahul Jain,Pulmonologist,+91 7103957577,37,Hajipur
Priya Patel,Neurologist,+91 7453916069,11,Patna
Vikram Patel,Oncologist,+91 9662710149,23,Purnea
Anjali Gupta,Rheumatologist,+91 6150722835,8,Hajipur
Rahul Verma,Pulmonologist,+91 7994459244,25,Patna
Sneha Patel,Gastroenterologist,+91 7058020681,11,Purnea
Rahul Jain,Pediatrician,+91 9698436946,6,Hajipur
Kiran Singh,Rheumatologist,+91 8675439492,32,Patna
Priya Singh,Ophthalmologist,+91 8091258063,21,Purnea
Sneha Yadav,Ophthalmologist,+91 9934578588,6,Hajipur
Sunita Jain,Psychiatrist,+91 6163899842,16,Patna
Anjali Mehta,Allergist,+91 7828821508,17,Purnea
Priya Choudhary,Orthopedic Surgeon,+91 6898885835,28,Hajipur
Rajesh Singh,Urologist,+91 6079583653,34,Patna
Sneha Gupta,Cardiologist,+91 8420046179,40,Purnea
Anjali Kapoor,Anesthesiologist,+91 9877163563,27,Hajipur
Sunita Gupta,Nephrologist,+91 6083245093,30,Patna
Kiran Sharma,Rheumatologist,+91 6385139889,12,Purnea
Rajesh Kapoor,Dermatologist,+91 6887672885,33,Hajipur
Rahul Singh,Pulmonologist,+91 8478059063,21,Patna
Rahul Kapoor,Ophthalmologist,+91 6946665824,28,Purnea
Amit Mehta,Radiologist,+91 6232823869,33,Hajipur
Vikram Kapoor,Orthopedic Surgeon,+91 7287353145,22,Patna
Vikram Mehta,Dermatologist,+91 9661203124,27,Purnea
Sunita Kapoor,Neurologist,+91 6833147955,38,Hajipur
Rohan Jain,Pediatrician,+91 8957903241,26,Patna
Rajesh Kapoor,Urologist,+91 8358983201,11,Purnea
Vikram Gupta,Cardiologist,+91 6526242885,37,Hajipur
Amit Yadav,Rheumatologist,+91 7786244446,1,Patna
Kiran Verma,Radiologist,+91 7130724789,4,Purnea
Priya Sharma,Gynecologist,+91 8513224869,11,Hajipur
Sunita Singh,General Physician,+91 9979092602,18,Patna
Sneha Kapoor,Dermatologist,+91 9317666847,31,Purnea
Rohan Yadav,Endocrinologist,+91 6806458582,40,Hajipur
Vikram Yadav,Radiologist,+91 6348794514,18,Patna
Kiran Verma,Neurologist,+91 9177284545,21,Purnea
Rajesh Yadav,Oncologist,+91 6247445469,15,Hajipur
Sunita Choudhary,Allergist,+91 8811251233,9,Patna
Sunita Singh,Nephrologist,+91 7794834337,6,Purnea
Rahul Kapoor,General Physician,+91 8659206481,18,Hajipur
Rahul Patel,Neurologist,+91 7202810091,8,Patna
Sunita Patel,Radiologist,+91 6150710353,11,Purnea
Kiran Patel,Nephrologist,+91 7249649384,34,Hajipur
Rajesh Mehta,Psychiatrist,+91 9478848333,28,Patna
Rohan Choudhary,ENT Specialist,+91 7975540050,33,Purnea
Amit Mehta,Radiologist,+91 6751818377,3,Hajipur
Rahul Kapoor,Neurologist,+91 6602260127,13,Patna
Sunita Jain,General Physician,+91 8940838516,37,Purnea
Sneha Choudhary,Anesthesiologist,+91 7081791478,16,Hajipur
Amit Sharma,Rheumatologist,+91 9268164792,35,Patna
Sunita Jain,Gynecologist,+91 6210432985,29,Purnea
Vikram Singh,Nephrologist,+91 9068320279,11,Hajipur
Priya Jain,Urologist,+91 7920399567,25,Patna
Amit Yadav,Psychiatrist,+91 9930792018,35,Purnea
Sneha Sharma,Nephrologist,+91 9644604089,13,Hajipur
Rajesh Sharma,Ophthalmologist,+91 6802398426,32,Patna
Sunita Mehta,Rheumatologist,+91 8292357479,16,Purnea
Priya Patel,Orthopedic Surgeon,+91 7571362375,12,Hajipur
Sunita Choudhary,Ophthalmologist,+91 9512472697,30,Patna
Rohan Singh,Gynecologist,+91 7827629498,27,Purnea
Vikram Singh,General Physician,+91 9851463257,19,Hajipur
Anjali Yadav,Anesthesiologist,+91 8233065489,29,Patna
Vikram Choudhary,Orthopedic Surgeon,+91 8844273043,2,Purnea
Kiran Kapoor,Urologist,+91 8367988194,8,Hajipur
Sneha Gupta,Nephrologist,+91 6591543913,30,Patna
Amit Yadav,General Physician,+91 9177176678,31,Purnea
Sneha Gupta,Pulmonologist,+91 7605971615,12,Hajipur
Rahul Mehta,Gynecologist,+91 8557179104,6,Patna
Vikram Jain,Gynecologist,+91 8581031853,5,Purnea
Anjali Yadav,General Physician,+91 8416917831,29,Hajipur
Kiran Sharma,Pediatrician,+91 6025117826,36,Patna
Kiran Jain,Oncologist,+91 8144174595,34,Purnea
Priya Kapoor,Radiologist,+91 6644670444,30,Hajipur
Rahul Yadav,Gynecologist,+91 8224578540,36,Patna
Kiran Jain,Ophthalmologist,+91 7762233965,6,Purnea
Anjali Gupta,Dermatologist,+91 8684930760,10,Hajipur
Rahul Sharma,Endocrinologist,+91 6933531449,25,Patna
Priya Kapoor,ENT Specialist,+91 6488787916,2,Purnea
Sunita Mehta,Radiologist,+91 9016181314,36,Hajipur
Rahul Choudhary,Orthopedic Surgeon,+91 7198749327,28,Patna
Sunita Sharma,Ophthalmologist,+91 6336980317,31,Purnea
Sunita Verma,Urologist,+91 7775283186,4,Hajipur
Priya Kapoor,Dermatologist,+91 6575900978,5,Patna
Rajesh Patel,Nephrologist,+91 7592089280,20,Purnea
Kiran Kapoor,Urologist,+91 8517633985,26,Hajipur
Sunita Gupta,Pediatrician,+91 6239110090,27,Patna
Priya Yadav,Cardiologist,+91 6372997193,22,Purnea
Rajesh Sharma,Nephrologist,+91 7217919211,33,Hajipur
Vikram Kapoor,Radiologist,+91 9378554633,29,Patna
Anjali Jain,Psychiatrist,+91 8270877986,1,Purnea
Sneha Gupta,Pulmonologist,+91 8138054352,29,Hajipur
Priya Patel,Pediatrician,+91 6014147074,23,Patna
Sunita Yadav,Pediatrician,+91 7517773697,24,Purnea
Priya Verma,ENT Specialist,+91 9723442288,24,Hajipur
Rahul Choudhary,Rheumatologist,+91 9650413485,14,Patna
Rohan Yadav,Anesthesiologist,+91 6169299224,34,Purnea
Amit Gupta,Psychiatrist,+91 6569973928,1,Hajipur
Rajesh Choudhary,Dermatologist,+91 6068632228,38,Patna
Sunita Patel,Pediatrician,+91 6631117977,9,Purnea
Rohan Mehta,Neurologist,+91 7436626164,33,Hajipur
Sunita Yadav,Anesthesiologist,+91 8012868078,4,Patna
Rahul Singh,Dermatologist,+91 7314290800,32,Purnea
Kiran Singh,Psychiatrist,+91 6348149934,15,Hajipur
Rohan Choudhary,Oncologist,+91 7433120856,9,Patna
Vikram Gupta,Cardiologist,+91 7037138137,8,Purnea
Kiran Sharma,Nephrologist,+91 7755097300,4,Hajipur
Sneha Sharma,Oncologist,+91 9804505017,13,Patna
Sunita Singh,Radiologist,+91 8660502092,10,Purnea
Kiran Sharma,Dermatologist,+91 9391970827,12,Hajipur
Sneha Sharma,Radiologist,+91 8079194255,27,Patna
Sneha Yadav,Endocrinologist,+91 8355613290,23,Purnea
Amit Sharma,Cardiologist,+91 9818078600,10,Hajipur
Kiran Kapoor,Gastroenterologist,+91 6439670707,21,Patna
Sunita Yadav,Gastroenterologist,+91 9769737420,36,Purnea
Sneha Choudhary,Psychiatrist,+91 8271202071,13,Hajipur
Rahul Kapoor,Rheumatologist,+91 9960508710,25,Patna
Rahul Kapoor,Pulmonologist,+91 6553197316,28,Purnea
Rajesh Gupta,Endocrinologist,+91 8075536895,33,Hajipur
Priya Mehta,Gynecologist,+91 9881791602,4,Patna
Sunita Verma,Gynecologist,+91 6828682397,33,Purnea
Rahul Choudhary,Neurologist,+91 8611739421,33,Hajipur
Kiran Choudhary,General Physician,+91 7991127535,24,Patna
Sunita Sharma,Psychiatrist,+91 8939170595,29,Purnea
Rajesh Choudhary,Radiologist,+91 7391737213,28,Hajipur
Sneha Jain,Urologist,+91 9793489268,11,Patna
Sneha Gupta,Endocrinologist,+91 7002509367,21,Purnea
Priya Choudhary,Gynecologist,+91 9233320483,24,Hajipur
Md Rahmat,Hepatologist,8789946676,0,Patna
